Project_ID,Land_Size_Sqm,Num_Of_Floors,Tons_Of_Cement,Labor_Required,Start_Date,End_Date,Num_Of_Bricks,Tons_Iron,Tons_Of_Sand,Total_Cost
P-1,1267.59,5,17.5,25,2023-11-24,2023-12-24,19013,10.0,43.75,1094703.0
P-2,1737.49,2,7.0,10,2023-05-06,2023-06-05,26062,4.0,17.5,548622.0
P-3,3910.8,9,31.5,45,2023-12-13,2024-01-21,58662,18.0,78.75,2117097.0
P-4,3280.07,1,5.0,5,2023-02-14,2023-03-18,49201,2.0,12.5,531456.0
P-5,1193.52,4,14.0,20,2023-01-16,2023-02-15,17902,8.0,35.0,891912.0
P-6,3328.48,9,31.5,45,2023-09-16,2023-10-19,49927,18.0,78.75,2064687.0
P-7,3807.28,9,31.5,45,2023-04-12,2023-05-20,57109,18.0,78.75,2107779.0
P-8,1725.85,10,35.0,50,2023-08-03,2023-09-02,25887,17.26,87.5,1979497.306285463
P-9,4199.61,1,5.0,5,2023-05-23,2023-07-03,62994,2.0,12.5,614214.0
P-10,3732.19,6,21.0,30,2023-03-23,2023-04-29,55982,12.0,52.5,1512642.0
P-11,1453.01,6,21.0,30,2023-05-23,2023-06-22,21795,12.0,52.5,1307520.0
P-12,1189.53,2,7.0,10,2023-02-22,2023-03-24,17842,4.0,17.5,499302.0
P-13,4359.48,10,35.0,50,2023-07-03,2023-08-15,65392,20.0,87.5,2353602.0
P-14,4189.94,8,28.0,40,2023-05-16,2023-06-26,62849,16.0,70.0,1946094.0
P-15,1324.27,7,24.5,35,2023-10-02,2023-11-01,19864,13.24,61.25,1454193.9419917397
P-16,3118.57,10,35.0,50,2023-02-10,2023-03-13,46778,20.0,87.5,2241918.0
P-17,3224.88,2,7.0,10,2023-07-05,2023-08-06,48373,4.0,17.5,682488.0
P-18,3577.31,5,17.5,25,2023-01-24,2023-02-28,53659,10.0,43.75,1302579.0
P-19,4392.33,2,7.0,10,2023-02-10,2023-03-25,65885,4.0,17.5,787560.0
P-20,1967.49,6,21.0,30,2023-07-14,2023-08-13,29512,12.0,52.5,1353822.0
P-21,2354.76,4,14.0,20,2023-03-25,2023-04-24,35321,8.0,35.0,996426.0
P-22,1921.31,2,7.0,10,2023-12-10,2024-01-09,28819,4.0,17.5,565164.0
P-23,3466.91,9,31.5,45,2023-11-08,2023-12-12,52003,18.0,78.75,2077143.0
P-24,1486.29,7,24.5,35,2023-05-06,2023-06-05,22294,14.0,61.25,1506639.0
P-25,4956.0,9,31.5,45,2023-05-19,2023-07-07,74339,18.0,78.75,2211159.0
P-26,3675.38,1,5.0,5,2023-04-23,2023-05-29,55130,2.0,12.5,567030.0
P-27,4251.57,6,21.0,30,2023-04-28,2023-06-09,63773,12.0,52.5,1559388.0
P-28,1924.51,4,14.0,20,2023-07-25,2023-08-24,28867,8.0,35.0,957702.0
P-29,4480.74,6,21.0,30,2023-10-18,2023-12-01,67211,12.0,52.5,1580016.0
P-30,3552.84,7,24.5,35,2023-04-19,2023-05-24,53292,14.0,61.25,1692627.0
P-31,2727.18,5,17.5,25,2023-11-26,2023-12-26,40907,10.0,43.75,1226067.0
P-32,1835.84,9,31.5,45,2023-03-13,2023-04-12,27537,18.0,78.75,1930347.0
P-33,1903.51,10,35.0,50,2023-10-03,2023-11-02,28552,19.04,87.5,2084319.377898164
P-34,4570.86,7,24.5,35,2023-08-08,2023-09-22,68562,14.0,61.25,1784247.0
P-35,1721.15,3,10.5,15,2023-07-05,2023-08-04,25817,6.0,26.25,743277.0
P-36,2872.77,1,5.0,5,2023-09-18,2023-10-18,43091,2.0,12.5,494796.0
P-37,1441.93,3,10.5,15,2023-02-26,2023-03-28,21629,6.0,26.25,718149.0
P-38,2573.07,2,7.0,10,2023-12-15,2024-01-14,38596,4.0,17.5,623826.0
P-39,2402.8,8,28.0,40,2023-07-17,2023-08-16,36042,16.0,70.0,1785252.0
P-40,1855.94,9,31.5,45,2023-09-28,2023-10-28,27839,18.0,78.75,1932159.0
P-41,3657.19,2,7.0,10,2023-01-06,2023-02-11,54857,4.0,17.5,721392.0
P-42,4516.11,5,17.5,25,2023-12-16,2024-01-30,67741,10.0,43.75,1387071.0
P-43,2228.74,5,17.5,25,2023-11-25,2023-12-25,33431,10.0,43.75,1181211.0
P-44,1464.26,1,5.0,5,2023-08-11,2023-09-10,21963,2.0,12.5,368028.0
P-45,4881.93,3,10.5,15,2023-05-15,2023-07-02,73228,6.0,26.25,1027743.0
P-46,4633.04,5,17.5,25,2023-09-17,2023-11-02,69495,10.0,43.75,1397595.0
P-47,2932.18,4,14.0,20,2023-11-24,2023-12-24,43982,8.0,35.0,1048392.0
P-48,2370.44,3,10.5,15,2023-03-20,2023-04-19,35556,6.0,26.25,801711.0
P-49,4804.7,9,31.5,45,2023-10-04,2023-11-21,72070,18.0,78.75,2197545.0
P-50,3315.57,8,28.0,40,2023-01-01,2023-02-03,49733,16.0,70.0,1867398.0
P-51,1269.84,6,21.0,30,2023-01-10,2023-02-09,19047,12.0,52.5,1291032.0
P-52,1805.7,4,14.0,20,2023-06-07,2023-07-07,27085,8.0,35.0,947010.0
P-53,4777.19,2,7.0,10,2023-10-18,2023-12-04,71657,4.0,17.5,822192.0
P-54,4227.3,9,31.5,45,2023-09-06,2023-10-18,63409,18.0,78.75,2145579.0
P-55,1339.24,8,28.0,40,2023-03-06,2023-04-05,20088,13.39,70.0,1559150.0754495019
P-56,1493.53,9,31.5,45,2023-10-09,2023-11-08,22402,14.94,78.75,1746303.6138456683
P-57,2577.18,4,14.0,20,2023-11-07,2023-12-07,38657,8.0,35.0,1016442.0
P-58,3972.11,4,14.0,20,2023-10-04,2023-11-12,59581,8.0,35.0,1141986.0
P-59,2109.21,6,21.0,30,2024-01-01,2024-01-31,31638,12.0,52.5,1366578.0
P-60,4578.38,8,28.0,40,2023-08-13,2023-09-27,68675,16.0,70.0,1981050.0
P-61,1841.2,2,7.0,10,2023-03-03,2023-04-02,27618,4.0,17.5,557958.0
P-62,888.34,9,31.5,45,2023-06-23,2023-07-23,13325,8.88,78.75,1389246.9460148236
P-63,3271.45,1,5.0,5,2023-04-28,2023-05-30,49071,2.0,12.5,530676.0
P-64,3772.93,1,5.0,5,2023-02-06,2023-03-15,56593,2.0,12.5,575808.0
P-65,1083.08,1,5.0,5,2023-04-28,2023-05-28,16246,2.0,12.5,333726.0
P-66,1097.6,4,14.0,20,2023-06-19,2023-07-19,16464,8.0,35.0,883284.0
P-67,3609.71,4,14.0,20,2023-05-23,2023-06-28,54145,8.0,35.0,1109370.0
P-68,1355.71,10,35.0,50,2023-10-04,2023-11-03,20335,13.56,87.5,1761114.8823225526
P-69,2785.22,8,28.0,40,2023-10-23,2023-11-22,41778,16.0,70.0,1819668.0
P-70,1599.72,2,7.0,10,2023-07-28,2023-08-27,23995,4.0,17.5,536220.0
P-71,2610.41,7,24.5,35,2023-12-04,2024-01-03,39156,14.0,61.25,1607811.0
P-72,2761.5,1,5.0,5,2023-07-30,2023-08-29,41422,2.0,12.5,484782.0
P-73,3544.51,2,7.0,10,2023-12-11,2024-01-15,53167,4.0,17.5,711252.0
P-74,2491.01,6,21.0,30,2023-02-01,2023-03-03,37365,12.0,52.5,1400940.0
P-75,1844.36,4,14.0,20,2023-02-25,2023-03-27,27665,8.0,35.0,950490.0
P-76,2684.18,7,24.5,35,2023-10-02,2023-11-01,40262,14.0,61.25,1614447.0
P-77,1969.89,4,14.0,20,2023-04-04,2023-05-04,29548,8.0,35.0,961788.0
P-78,2661.15,9,31.5,45,2023-02-08,2023-03-10,39917,18.0,78.75,2004627.0
P-79,1012.47,9,31.5,45,2023-02-20,2023-03-22,15187,10.12,78.75,1462482.4920022506
P-80,4869.78,4,14.0,20,2023-01-08,2023-02-25,73046,8.0,35.0,1222776.0
P-81,2506.94,8,28.0,40,2023-03-27,2023-04-26,37604,16.0,70.0,1794624.0
P-82,4431.53,1,5.0,5,2023-04-20,2023-06-03,66472,2.0,12.5,635082.0
P-83,2391.69,7,24.5,35,2023-03-26,2023-04-25,35875,14.0,61.25,1588125.0
P-84,4691.38,8,28.0,40,2023-05-16,2023-07-01,70370,16.0,70.0,1991220.0
P-85,2576.63,9,31.5,45,2023-05-27,2023-06-26,38649,18.0,78.75,1997019.0
P-86,3817.31,3,10.5,15,2023-12-05,2024-01-12,57259,6.0,26.25,931929.0
P-87,2046.17,1,5.0,5,2023-04-08,2023-05-08,30692,2.0,12.5,420402.0
P-88,3890.1,1,5.0,5,2023-10-24,2023-12-01,58351,2.0,12.5,586356.0
P-89,1040.09,10,35.0,50,2023-06-10,2023-07-10,15601,10.4,87.5,1574903.0731057145
P-90,2911.97,9,31.5,45,2023-09-02,2023-10-02,43679,18.0,78.75,2027199.0
P-91,1038.89,9,31.5,45,2023-03-22,2023-04-21,15583,10.39,78.75,1478070.1174302376
P-92,4375.64,2,7.0,10,2023-02-11,2023-03-26,65634,4.0,17.5,786054.0
P-93,1085.44,4,14.0,20,2023-11-01,2023-12-01,16281,8.0,35.0,882186.0
P-94,1303.52,10,35.0,50,2023-07-26,2023-08-25,19552,13.04,87.5,1730323.889288961
P-95,3231.46,1,5.0,5,2023-05-07,2023-06-08,48471,2.0,12.5,527076.0
P-96,1144.33,10,35.0,50,2023-11-14,2023-12-14,17164,11.44,87.5,1636399.1515392386
P-97,2995.69,5,17.5,25,2023-10-17,2023-11-16,44935,10.0,43.75,1250235.0
P-98,3612.85,6,21.0,30,2023-04-15,2023-05-21,54192,12.0,52.5,1501902.0
P-99,1915.58,3,10.5,15,2023-05-03,2023-06-02,28733,6.0,26.25,760773.0
P-100,3511.1,8,28.0,40,2023-12-10,2024-01-14,52666,16.0,70.0,1884996.0
P-101,4701.88,2,7.0,10,2023-06-11,2023-07-28,70528,4.0,17.5,815418.0
P-102,2724.8,10,35.0,50,2023-01-05,2023-02-04,40871,20.0,87.5,2206476.0
P-103,1107.7,4,14.0,20,2023-02-21,2023-03-23,16615,8.0,35.0,884190.0
P-104,1913.84,6,21.0,30,2023-09-17,2023-10-17,28707,12.0,52.5,1348992.0
P-105,4492.94,6,21.0,30,2023-02-05,2023-03-21,67394,12.0,52.5,1581114.0
P-106,1462.54,9,31.5,45,2023-05-26,2023-06-25,21938,14.63,78.75,1728021.347950187
P-107,2070.57,9,31.5,45,2023-12-27,2024-01-26,31058,18.0,78.75,1951473.0
P-108,3605.03,9,31.5,45,2023-01-05,2023-02-10,54075,18.0,78.75,2089575.0
P-109,4713.38,2,7.0,10,2023-06-03,2023-07-20,70700,4.0,17.5,816450.0
P-110,1910.76,2,7.0,10,2023-03-10,2023-04-09,28661,4.0,17.5,564216.0
P-111,1452.88,5,17.5,25,2023-10-11,2023-11-10,21793,10.0,43.75,1111383.0
P-112,1684.64,6,21.0,30,2023-11-06,2023-12-06,25269,12.0,52.5,1328364.0
P-113,3687.49,5,17.5,25,2023-04-15,2023-05-21,55312,10.0,43.75,1312497.0
P-114,2851.83,1,5.0,5,2023-09-16,2023-10-16,42777,2.0,12.5,492912.0
P-115,3463.99,5,17.5,25,2023-02-17,2023-03-23,51959,10.0,43.75,1292379.0
P-116,814.89,3,10.5,15,2023-01-23,2023-02-22,12223,6.0,26.25,661713.0
P-117,4915.15,3,10.5,15,2023-11-23,2024-01-11,73727,6.0,26.25,1030737.0
P-118,3117.06,7,24.5,35,2023-08-15,2023-09-15,46755,14.0,61.25,1653405.0
P-119,840.61,2,7.0,10,2023-10-15,2023-11-14,12609,4.0,17.5,467904.0
P-120,4596.5,9,31.5,45,2023-12-20,2024-02-03,68947,18.0,78.75,2178807.0
P-121,4305.3,10,35.0,50,2023-01-19,2023-03-03,64579,20.0,87.5,2348724.0
P-122,1421.99,3,10.5,15,2023-10-10,2023-11-09,21329,6.0,26.25,716349.0
P-123,2094.69,1,5.0,5,2023-01-22,2023-02-21,31420,2.0,12.5,424770.0
P-124,1682.32,4,14.0,20,2023-07-03,2023-08-02,25234,8.0,35.0,935904.0
P-125,1231.73,9,31.5,45,2023-12-08,2024-01-07,18475,12.32,78.75,1591841.6055107499
P-126,4890.12,3,10.5,15,2023-07-28,2023-09-14,73351,6.0,26.25,1028481.0
P-127,4431.34,3,10.5,15,2023-05-02,2023-06-15,66470,6.0,26.25,987195.0
P-128,904.1,6,21.0,30,2023-07-31,2023-08-30,13561,9.04,52.5,1110167.3599861963
P-129,4169.39,4,14.0,20,2023-07-30,2023-09-09,62540,8.0,35.0,1159740.0
P-130,1468.63,2,7.0,10,2023-05-17,2023-06-16,22029,4.0,17.5,524424.0
P-131,4463.1,8,28.0,40,2023-07-15,2023-08-28,66946,16.0,70.0,1970676.0
P-132,1638.21,8,28.0,40,2023-04-24,2023-05-24,24573,16.0,70.0,1716438.0
P-133,2081.8,4,14.0,20,2023-06-29,2023-07-29,31227,8.0,35.0,971862.0
P-134,899.39,4,14.0,20,2023-04-25,2023-05-25,13490,8.0,35.0,865440.0
P-135,2178.7,2,7.0,10,2023-07-24,2023-08-23,32680,4.0,17.5,588330.0
P-136,2274.81,9,31.5,45,2023-05-23,2023-06-22,34122,18.0,78.75,1969857.0
P-137,3653.98,9,31.5,45,2023-07-24,2023-08-29,54809,18.0,78.75,2093979.0
P-138,4744.8,2,7.0,10,2023-06-19,2023-08-05,71171,4.0,17.5,819276.0
P-139,1549.98,5,17.5,25,2023-05-14,2023-06-13,23249,10.0,43.75,1120119.0
P-140,1255.29,7,24.5,35,2023-01-20,2023-02-19,18829,12.55,61.25,1413494.3491508933
P-141,3859.89,6,21.0,30,2023-06-26,2023-08-03,57898,12.0,52.5,1524138.0
P-142,3346.08,9,31.5,45,2023-08-12,2023-09-14,50191,18.0,78.75,2066271.0
P-143,2417.82,10,35.0,50,2023-03-01,2023-03-31,36267,20.0,87.5,2178852.0
P-144,1869.83,7,24.5,35,2023-04-08,2023-05-08,28047,14.0,61.25,1541157.0
P-145,2983.67,9,31.5,45,2023-01-01,2023-01-31,44754,18.0,78.75,2033649.0
P-146,3821.61,4,14.0,20,2023-12-18,2024-01-25,57324,8.0,35.0,1128444.0
P-147,2611.45,6,21.0,30,2023-07-06,2023-08-05,39171,12.0,52.5,1411776.0
P-148,2118.45,2,7.0,10,2023-11-16,2023-12-16,31776,4.0,17.5,582906.0
P-149,2929.91,7,24.5,35,2023-06-03,2023-07-03,43948,14.0,61.25,1636563.0
P-150,2490.08,5,17.5,25,2023-06-17,2023-07-17,37351,10.0,43.75,1204731.0
P-151,1334.61,7,24.5,35,2023-10-11,2023-11-10,20019,13.35,61.25,1460293.3780242219
P-152,4749.53,3,10.5,15,2023-12-07,2024-01-23,71242,6.0,26.25,1015827.0
P-153,3190.24,7,24.5,35,2023-11-12,2023-12-13,47853,14.0,61.25,1659993.0
P-154,4301.65,5,17.5,25,2023-10-08,2023-11-20,64524,10.0,43.75,1367769.0
P-155,1682.77,10,35.0,50,2023-05-27,2023-06-26,25241,16.83,87.5,1954079.6382535482
P-156,3549.76,8,28.0,40,2023-11-07,2023-12-12,53246,16.0,70.0,1888476.0
P-157,2657.07,4,14.0,20,2023-08-15,2023-09-14,39856,8.0,35.0,1023636.0
P-158,2787.38,3,10.5,15,2023-09-19,2023-10-19,41810,6.0,26.25,839235.0
P-159,1156.14,9,31.5,45,2023-12-04,2024-01-03,17342,11.56,78.75,1547247.6271227556
P-160,3458.35,6,21.0,30,2023-12-06,2024-01-09,51875,12.0,52.5,1488000.0
P-161,4237.38,4,14.0,20,2023-02-17,2023-03-31,63560,8.0,35.0,1165860.0
P-162,2103.76,4,14.0,20,2023-12-11,2024-01-10,31556,8.0,35.0,973836.0
P-163,902.59,4,14.0,20,2023-03-17,2023-04-16,13538,8.0,35.0,865728.0
P-164,3367.35,2,7.0,10,2023-09-01,2023-10-04,50510,4.0,17.5,695310.0
P-165,2540.65,10,35.0,50,2023-08-22,2023-09-21,38109,20.0,87.5,2189904.0
P-166,3817.05,7,24.5,35,2023-04-10,2023-05-18,57255,14.0,61.25,1716405.0
P-167,2478.54,3,10.5,15,2023-09-11,2023-10-11,37178,6.0,26.25,811443.0
P-168,3688.01,2,7.0,10,2023-12-02,2024-01-07,55320,4.0,17.5,724170.0
P-169,1719.13,9,31.5,45,2023-08-06,2023-09-05,25786,17.19,78.75,1879407.3873058707
P-170,1010.92,4,14.0,20,2023-08-26,2023-09-25,15163,8.0,35.0,875478.0
P-171,2717.14,8,28.0,40,2023-03-04,2023-04-03,40757,16.0,70.0,1813542.0
P-172,3030.75,9,31.5,45,2023-12-08,2024-01-07,45461,18.0,78.75,2037891.0
P-173,2132.65,8,28.0,40,2023-11-01,2023-12-01,31989,16.0,70.0,1760934.0
P-174,4223.03,9,31.5,45,2023-11-10,2023-12-22,63345,18.0,78.75,2145195.0
P-175,4288.39,9,31.5,45,2023-08-07,2023-09-18,64325,18.0,78.75,2151075.0
P-176,4568.27,8,28.0,40,2023-08-17,2023-10-01,68524,16.0,70.0,1980144.0
P-177,1888.6,4,14.0,20,2023-08-19,2023-09-18,28329,8.0,35.0,954474.0
P-178,1964.71,9,31.5,45,2023-11-23,2023-12-23,29470,18.0,78.75,1941945.0
P-179,3432.34,5,17.5,25,2023-09-06,2023-10-10,51485,10.0,43.75,1289535.0
P-180,1125.43,5,17.5,25,2023-08-14,2023-09-13,16881,10.0,43.75,1081911.0
P-181,1941.2,6,21.0,30,2023-05-01,2023-05-31,29118,12.0,52.5,1351458.0
P-182,1138.43,3,10.5,15,2023-10-04,2023-11-03,17076,6.0,26.25,690831.0
P-183,2408.75,3,10.5,15,2023-04-29,2023-05-29,36131,6.0,26.25,805161.0
P-184,1698.6,7,24.5,35,2023-12-28,2024-01-27,25479,14.0,61.25,1525749.0
P-185,2189.7,8,28.0,40,2023-07-28,2023-08-27,32845,16.0,70.0,1766070.0
P-186,1061.52,7,24.5,35,2023-08-01,2023-08-31,15922,10.62,61.25,1299164.9922255292
P-187,4600.32,10,35.0,50,2023-07-19,2023-09-03,69004,20.0,87.5,2375274.0
P-188,882.03,10,35.0,50,2023-12-23,2024-01-22,13230,8.82,87.5,1481647.109149227
P-189,2803.31,6,21.0,30,2023-07-14,2023-08-13,42049,12.0,52.5,1429044.0
P-190,3964.6,7,24.5,35,2023-06-02,2023-07-11,59468,14.0,61.25,1729683.0
P-191,3939.57,9,31.5,45,2023-10-03,2023-11-11,59093,18.0,78.75,2119683.0
P-192,4570.81,8,28.0,40,2023-11-05,2023-12-20,68562,16.0,70.0,1980372.0
P-193,1946.33,8,28.0,40,2023-04-23,2023-05-23,29194,16.0,70.0,1744164.0
P-194,2433.2,7,24.5,35,2023-01-15,2023-02-14,36498,14.0,61.25,1591863.0
P-195,4330.12,3,10.5,15,2023-03-26,2023-05-08,64951,6.0,26.25,978081.0
P-196,3043.32,7,24.5,35,2023-11-15,2023-12-15,45649,14.0,61.25,1646769.0
P-197,3170.45,1,5.0,5,2023-10-31,2023-12-01,47556,2.0,12.5,521586.0
P-198,3499.55,3,10.5,15,2023-02-12,2023-03-18,52493,6.0,26.25,903333.0
P-199,1563.26,5,17.5,25,2023-08-25,2023-09-24,23448,10.0,43.75,1121313.0
P-200,2174.88,8,28.0,40,2023-07-14,2023-08-13,32623,16.0,70.0,1764738.0
P-201,2217.5,7,24.5,35,2023-06-17,2023-07-17,33262,14.0,61.25,1572447.0
P-202,3958.44,7,24.5,35,2023-05-23,2023-07-01,59376,14.0,61.25,1729131.0
P-203,4306.63,8,28.0,40,2023-05-10,2023-06-22,64599,16.0,70.0,1956594.0
P-204,3945.9,1,5.0,5,2023-01-10,2023-02-18,59188,2.0,12.5,591378.0
P-205,1741.73,2,7.0,10,2023-06-29,2023-07-29,26125,4.0,17.5,549000.0
P-206,969.08,1,5.0,5,2023-11-30,2023-12-30,14536,2.0,12.5,323466.0
P-207,1637.31,1,5.0,5,2023-05-07,2023-06-06,24559,2.0,12.5,383604.0
P-208,1440.01,3,10.5,15,2023-11-15,2023-12-15,21600,6.0,26.25,717975.0
P-209,3611.73,10,35.0,50,2023-08-31,2023-10-06,54175,20.0,87.5,2286300.0
P-210,2753.14,5,17.5,25,2023-04-22,2023-05-22,41297,10.0,43.75,1228407.0
P-211,1504.71,10,35.0,50,2023-07-08,2023-08-07,22570,15.05,87.5,1849027.2010723846
P-212,4066.73,3,10.5,15,2023-02-28,2023-04-09,61000,6.0,26.25,954375.0
P-213,1254.01,1,5.0,5,2023-06-09,2023-07-09,18810,2.0,12.5,349110.0
P-214,3218.35,7,24.5,35,2023-06-09,2023-07-11,48275,14.0,61.25,1662525.0
P-215,4754.18,4,14.0,20,2023-07-23,2023-09-08,71312,8.0,35.0,1212372.0
P-216,3286.81,4,14.0,20,2023-02-08,2023-03-12,49302,8.0,35.0,1080312.0
P-217,3728.21,5,17.5,25,2023-02-22,2023-03-31,55923,10.0,43.75,1316163.0
P-218,3321.73,2,7.0,10,2023-12-17,2024-01-19,49825,4.0,17.5,691200.0
P-219,4087.07,6,21.0,30,2023-10-17,2023-11-26,61306,12.0,52.5,1544586.0
P-220,2599.19,6,21.0,30,2023-09-30,2023-10-30,38987,12.0,52.5,1410672.0
P-221,2925.04,6,21.0,30,2023-02-05,2023-03-07,43875,12.0,52.5,1440000.0
P-222,4368.22,8,28.0,40,2023-01-07,2023-02-19,65523,16.0,70.0,1962138.0
P-223,2620.8,6,21.0,30,2023-02-24,2023-03-26,39311,12.0,52.5,1412616.0
P-224,4544.62,8,28.0,40,2023-11-22,2024-01-06,68169,16.0,70.0,1978014.0
P-225,1442.56,3,10.5,15,2023-12-29,2024-01-28,21638,6.0,26.25,718203.0
P-226,4854.99,5,17.5,25,2023-09-25,2023-11-12,72824,10.0,43.75,1417569.0
P-227,4194.44,9,31.5,45,2023-11-12,2023-12-23,62916,18.0,78.75,2142621.0
P-228,2752.47,10,35.0,50,2023-09-05,2023-10-05,41287,20.0,87.5,2208972.0
P-229,2153.68,4,14.0,20,2023-05-18,2023-06-17,32305,8.0,35.0,978330.0
P-230,1971.5,8,28.0,40,2023-02-14,2023-03-16,29572,16.0,70.0,1746432.0
P-231,3952.0,10,35.0,50,2023-05-05,2023-06-13,59280,20.0,87.5,2316930.0
P-232,3606.39,6,21.0,30,2023-11-09,2023-12-15,54095,12.0,52.5,1501320.0
P-233,2876.09,6,21.0,30,2023-01-15,2023-02-14,43141,12.0,52.5,1435596.0
P-234,2847.71,6,21.0,30,2023-04-04,2023-05-04,42715,12.0,52.5,1433040.0
P-235,2229.42,10,35.0,50,2023-05-13,2023-06-12,33441,20.0,87.5,2161896.0
P-236,4496.45,9,31.5,45,2023-12-26,2024-02-08,67446,18.0,78.75,2169801.0
P-237,2969.83,4,14.0,20,2023-01-06,2023-02-05,44547,8.0,35.0,1051782.0
P-238,1813.7,7,24.5,35,2023-02-13,2023-03-15,27205,14.0,61.25,1536105.0
P-239,3131.74,4,14.0,20,2023-09-08,2023-10-09,46976,8.0,35.0,1066356.0
P-240,2799.59,8,28.0,40,2023-12-20,2024-01-19,41993,16.0,70.0,1820958.0
P-241,4130.32,2,7.0,10,2023-08-18,2023-09-28,61954,4.0,17.5,763974.0
P-242,1730.7,4,14.0,20,2023-05-31,2023-06-30,25960,8.0,35.0,940260.0
P-243,3588.63,6,21.0,30,2023-06-06,2023-07-11,53829,12.0,52.5,1499724.0
P-244,3124.59,6,21.0,30,2023-08-31,2023-10-01,46868,12.0,52.5,1457958.0
P-245,4985.85,9,31.5,45,2023-08-06,2023-09-24,74787,18.0,78.75,2213847.0
P-246,2277.6,8,28.0,40,2023-06-19,2023-07-19,34164,16.0,70.0,1773984.0
P-247,2087.82,4,14.0,20,2023-05-19,2023-06-18,31317,8.0,35.0,972402.0
P-248,3829.39,6,21.0,30,2023-03-03,2023-04-10,57440,12.0,52.5,1521390.0
P-249,3920.1,3,10.5,15,2023-03-03,2023-04-11,58801,6.0,26.25,941181.0
P-250,1708.82,8,28.0,40,2023-04-09,2023-05-09,25632,16.0,70.0,1722792.0
P-251,3843.26,9,31.5,45,2023-05-22,2023-06-29,57648,18.0,78.75,2111013.0
P-252,1988.59,2,7.0,10,2023-11-02,2023-12-02,29828,4.0,17.5,571218.0
P-253,2044.24,6,21.0,30,2023-04-10,2023-05-10,30663,12.0,52.5,1360728.0
P-254,2069.52,9,31.5,45,2023-04-02,2023-05-02,31042,18.0,78.75,1951377.0
P-255,1952.11,1,5.0,5,2023-03-06,2023-04-05,29281,2.0,12.5,411936.0
P-256,2026.97,3,10.5,15,2023-10-11,2023-11-10,30404,6.0,26.25,770799.0
P-257,4447.54,8,28.0,40,2023-11-23,2024-01-06,66713,16.0,70.0,1969278.0
P-258,4465.42,10,35.0,50,2023-02-22,2023-04-07,66981,20.0,87.5,2363136.0
P-259,2771.47,8,28.0,40,2023-05-26,2023-06-25,41572,16.0,70.0,1818432.0
P-260,1574.33,1,5.0,5,2023-06-24,2023-07-24,23614,2.0,12.5,377934.0
P-261,4752.47,8,28.0,40,2023-05-10,2023-06-26,71287,16.0,70.0,1996722.0
P-262,4252.89,7,24.5,35,2023-02-28,2023-04-11,63793,14.0,61.25,1755633.0
P-263,1111.15,1,5.0,5,2023-09-09,2023-10-09,16667,2.0,12.5,336252.0
P-264,1426.63,10,35.0,50,2023-03-19,2023-04-18,21399,14.27,87.5,1802958.9273946758
P-265,1157.76,4,14.0,20,2023-06-05,2023-07-05,17366,8.0,35.0,888696.0
P-266,3143.91,7,24.5,35,2023-03-02,2023-04-02,47158,14.0,61.25,1655823.0
P-267,3303.73,10,35.0,50,2023-11-07,2023-12-10,49555,20.0,87.5,2258580.0
P-268,4057.91,7,24.5,35,2023-04-26,2023-06-05,60868,14.0,61.25,1738083.0
P-269,4615.72,5,17.5,25,2023-08-19,2023-10-04,69235,10.0,43.75,1396035.0
P-270,4958.13,5,17.5,25,2023-10-29,2023-12-17,74371,10.0,43.75,1426851.0
P-271,3408.31,10,35.0,50,2023-10-19,2023-11-22,51124,20.0,87.5,2267994.0
P-272,4779.88,4,14.0,20,2023-02-20,2023-04-08,71698,8.0,35.0,1214688.0
P-273,1686.31,2,7.0,10,2023-11-17,2023-12-17,25294,4.0,17.5,544014.0
P-274,1807.43,9,31.5,45,2023-03-22,2023-04-21,27111,18.0,78.75,1927791.0
P-275,1457.44,7,24.5,35,2023-02-08,2023-03-10,21861,14.0,61.25,1504041.0
P-276,3695.36,8,28.0,40,2023-08-19,2023-09-24,55430,16.0,70.0,1901580.0
P-277,937.09,5,17.5,25,2023-05-30,2023-06-29,14056,9.37,43.75,1033504.696299941
P-278,1987.42,8,28.0,40,2023-12-28,2024-01-27,29811,16.0,70.0,1747866.0
P-279,3687.02,5,17.5,25,2023-02-06,2023-03-14,55305,10.0,43.75,1312455.0
P-280,3277.12,4,14.0,20,2023-11-17,2023-12-19,49156,8.0,35.0,1079436.0
P-281,1282.06,4,14.0,20,2023-08-06,2023-09-05,19230,8.0,35.0,899880.0
P-282,1425.76,5,17.5,25,2023-11-28,2023-12-28,21386,10.0,43.75,1108941.0
P-283,1099.92,3,10.5,15,2023-03-14,2023-04-13,16498,6.0,26.25,687363.0
P-284,3299.18,10,35.0,50,2023-06-07,2023-07-09,49487,20.0,87.5,2258172.0
P-285,2644.44,8,28.0,40,2023-05-28,2023-06-27,39666,16.0,70.0,1806996.0
P-286,2077.18,7,24.5,35,2023-12-19,2024-01-18,31157,14.0,61.25,1559817.0
P-287,2901.98,8,28.0,40,2023-05-20,2023-06-19,43529,16.0,70.0,1830174.0
P-288,1137.86,1,5.0,5,2023-08-13,2023-09-12,17067,2.0,12.5,338652.0
P-289,3885.04,10,35.0,50,2023-08-10,2023-09-17,58275,20.0,87.5,2310900.0
P-290,908.63,4,14.0,20,2023-05-09,2023-06-08,13629,8.0,35.0,866274.0
P-291,4311.03,10,35.0,50,2023-12-12,2024-01-24,64665,20.0,87.5,2349240.0
P-292,4793.3,5,17.5,25,2023-10-28,2023-12-14,71899,10.0,43.75,1412019.0
P-293,968.97,3,10.5,15,2023-10-23,2023-11-22,14534,6.0,26.25,675579.0
P-294,2979.65,8,28.0,40,2023-08-29,2023-09-28,44694,16.0,70.0,1837164.0
P-295,1562.25,10,35.0,50,2023-05-23,2023-06-22,23433,15.62,87.5,1882975.2091685645
P-296,3466.1,8,28.0,40,2023-08-12,2023-09-15,51991,16.0,70.0,1880946.0
P-297,2774.04,7,24.5,35,2023-02-16,2023-03-18,41610,14.0,61.25,1622535.0
P-298,2148.44,2,7.0,10,2023-06-20,2023-07-20,32226,4.0,17.5,585606.0
P-299,2185.18,8,28.0,40,2023-03-24,2023-04-23,32777,16.0,70.0,1765662.0
P-300,3582.85,7,24.5,35,2023-05-28,2023-07-02,53742,14.0,61.25,1695327.0
P-301,954.13,2,7.0,10,2023-10-09,2023-11-08,14311,4.0,17.5,478116.0
P-302,1860.08,2,7.0,10,2023-06-11,2023-07-11,27901,4.0,17.5,559656.0
P-303,4432.62,1,5.0,5,2023-07-26,2023-09-08,66489,2.0,12.5,635184.0
P-304,4451.34,8,28.0,40,2023-12-03,2024-01-16,66770,16.0,70.0,1969620.0
P-305,1027.66,9,31.5,45,2023-07-31,2023-08-30,15414,10.28,78.75,1471437.57929113
P-306,3415.06,8,28.0,40,2023-07-05,2023-08-08,51225,16.0,70.0,1876350.0
P-307,2656.57,1,5.0,5,2023-11-17,2023-12-17,39848,2.0,12.5,475338.0
P-308,1921.64,3,10.5,15,2023-04-15,2023-05-15,28824,6.0,26.25,761319.0
P-309,2640.09,8,28.0,40,2023-05-28,2023-06-27,39601,16.0,70.0,1806606.0
P-310,921.25,10,35.0,50,2023-03-04,2023-04-03,13818,9.21,87.5,1504783.8291274928
P-311,3781.09,5,17.5,25,2023-05-03,2023-06-09,56716,10.0,43.75,1320921.0
P-312,857.43,7,24.5,35,2023-10-10,2023-11-09,12861,8.57,61.25,1178757.3753787274
P-313,1743.74,2,7.0,10,2023-02-17,2023-03-19,26156,4.0,17.5,549186.0
P-314,4777.66,3,10.5,15,2023-08-25,2023-10-11,71664,6.0,26.25,1018359.0
P-315,4717.14,5,17.5,25,2023-09-13,2023-10-30,70757,10.0,43.75,1405167.0
P-316,3762.73,7,24.5,35,2023-09-18,2023-10-25,56440,14.0,61.25,1711515.0
P-317,4917.03,4,14.0,20,2023-09-05,2023-10-24,73755,8.0,35.0,1227030.0
P-318,3115.31,7,24.5,35,2023-08-22,2023-09-22,46729,14.0,61.25,1653249.0
P-319,4671.85,9,31.5,45,2023-04-08,2023-05-24,70077,18.0,78.75,2185587.0
P-320,4428.91,5,17.5,25,2023-03-11,2023-04-24,66433,10.0,43.75,1379223.0
P-321,2227.48,9,31.5,45,2023-08-01,2023-08-31,33412,18.0,78.75,1965597.0
P-322,4246.31,5,17.5,25,2023-05-17,2023-06-28,63694,10.0,43.75,1362789.0
P-323,4317.4,10,35.0,50,2023-06-02,2023-07-15,64760,20.0,87.5,2349810.0
P-324,2856.49,3,10.5,15,2023-12-04,2024-01-03,42847,6.0,26.25,845457.0
P-325,3062.04,6,21.0,30,2023-08-17,2023-09-16,45930,12.0,52.5,1452330.0
P-326,3118.05,9,31.5,45,2023-06-20,2023-07-21,46770,18.0,78.75,2045745.0
P-327,2712.45,6,21.0,30,2023-07-13,2023-08-12,40686,12.0,52.5,1420866.0
P-328,4919.25,4,14.0,20,2023-04-07,2023-05-26,73788,8.0,35.0,1227228.0
P-329,2408.48,7,24.5,35,2023-10-20,2023-11-19,36127,14.0,61.25,1589637.0
P-330,2136.34,8,28.0,40,2023-01-23,2023-02-22,32045,16.0,70.0,1761270.0
P-331,4636.41,7,24.5,35,2023-12-28,2024-02-12,69546,14.0,61.25,1790151.0
P-332,4951.34,3,10.5,15,2023-07-17,2023-09-04,74270,6.0,26.25,1033995.0
P-333,4852.26,3,10.5,15,2023-09-11,2023-10-29,72783,6.0,26.25,1025073.0
P-334,4854.49,6,21.0,30,2023-09-15,2023-11-02,72817,12.0,52.5,1613652.0
P-335,4471.6,8,28.0,40,2023-02-21,2023-04-06,67073,16.0,70.0,1971438.0
P-336,3008.99,8,28.0,40,2023-02-21,2023-03-23,45134,16.0,70.0,1839804.0
P-337,3834.26,7,24.5,35,2023-01-08,2023-02-15,57513,14.0,61.25,1717953.0
P-338,4873.82,2,7.0,10,2023-12-02,2024-01-19,73107,4.0,17.5,830892.0
P-339,4082.41,5,17.5,25,2023-08-29,2023-10-08,61236,10.0,43.75,1348041.0
P-340,3417.69,7,24.5,35,2023-06-23,2023-07-27,51265,14.0,61.25,1680465.0
P-341,1137.32,6,21.0,30,2023-11-29,2023-12-29,17059,11.37,52.5,1247766.173216843
P-342,4409.24,7,24.5,35,2023-12-12,2024-01-25,66138,14.0,61.25,1769703.0
P-343,3432.56,8,28.0,40,2023-06-12,2023-07-16,51488,16.0,70.0,1877928.0
P-344,950.78,2,7.0,10,2023-10-05,2023-11-04,14261,4.0,17.5,477816.0
P-345,3450.88,5,17.5,25,2023-05-01,2023-06-04,51763,10.0,43.75,1291203.0
P-346,3936.42,7,24.5,35,2023-04-27,2023-06-05,59046,14.0,61.25,1727151.0
P-347,3993.55,2,7.0,10,2023-02-20,2023-03-31,59903,4.0,17.5,751668.0
P-348,1498.73,5,17.5,25,2023-08-16,2023-09-15,22480,10.0,43.75,1115505.0
P-349,993.16,1,5.0,5,2023-01-15,2023-02-14,14897,2.0,12.5,325632.0
P-350,2305.55,7,24.5,35,2023-05-31,2023-06-30,34583,14.0,61.25,1580373.0
P-351,1825.63,7,24.5,35,2023-03-16,2023-04-15,27384,14.0,61.25,1537179.0
P-352,3663.56,3,10.5,15,2023-10-17,2023-11-22,54953,6.0,26.25,918093.0
P-353,1535.29,10,35.0,50,2023-03-29,2023-04-28,23029,15.35,87.5,1867069.6456320994
P-354,3402.78,4,14.0,20,2023-07-15,2023-08-18,51041,8.0,35.0,1090746.0
P-355,4633.88,3,10.5,15,2023-09-12,2023-10-28,69508,6.0,26.25,1005423.0
P-356,2736.83,5,17.5,25,2023-04-29,2023-05-29,41052,10.0,43.75,1226937.0
P-357,1872.37,1,5.0,5,2023-08-24,2023-09-23,28085,2.0,12.5,404760.0
P-358,4585.08,9,31.5,45,2023-08-27,2023-10-11,68776,18.0,78.75,2177781.0
P-359,1110.22,6,21.0,30,2023-03-22,2023-04-21,16653,11.1,52.5,1231777.9905940332
P-360,2056.45,7,24.5,35,2023-10-28,2023-11-27,30846,14.0,61.25,1557951.0
P-361,1850.41,5,17.5,25,2023-12-20,2024-01-19,27756,10.0,43.75,1147161.0
P-362,4997.37,8,28.0,40,2023-04-12,2023-05-31,74960,16.0,70.0,2018760.0
P-363,1796.26,10,35.0,50,2023-02-24,2023-03-26,26943,17.96,87.5,2021039.9740479067
P-364,3214.21,5,17.5,25,2023-07-03,2023-08-04,48213,10.0,43.75,1269903.0
P-365,4907.37,7,24.5,35,2023-01-12,2023-03-02,73610,14.0,61.25,1814535.0
P-366,834.01,1,5.0,5,2023-05-21,2023-06-20,12510,2.0,12.5,311310.0
P-367,3929.72,5,17.5,25,2023-11-07,2023-12-16,58945,10.0,43.75,1334295.0
P-368,3349.67,6,21.0,30,2023-04-28,2023-05-31,50245,12.0,52.5,1478220.0
P-369,3473.8,10,35.0,50,2023-04-23,2023-05-27,52106,20.0,87.5,2273886.0
P-370,3646.61,3,10.5,15,2023-05-09,2023-06-14,54699,6.0,26.25,916569.0
P-371,1208.09,1,5.0,5,2023-11-18,2023-12-18,18121,2.0,12.5,344976.0
P-372,4112.16,1,5.0,5,2023-06-08,2023-07-19,61682,2.0,12.5,606342.0
P-373,2332.42,3,10.5,15,2023-10-24,2023-11-23,34986,6.0,26.25,798291.0
P-374,4620.44,6,21.0,30,2023-02-16,2023-04-03,69306,12.0,52.5,1592586.0
P-375,1537.69,3,10.5,15,2023-08-01,2023-08-31,23065,6.0,26.25,726765.0
P-376,4481.13,6,21.0,30,2023-10-04,2023-11-17,67217,12.0,52.5,1580052.0
P-377,2907.54,5,17.5,25,2023-09-29,2023-10-29,43613,10.0,43.75,1242303.0
P-378,1879.27,8,28.0,40,2023-03-26,2023-04-25,28189,16.0,70.0,1738134.0
P-379,3935.55,6,21.0,30,2023-06-01,2023-07-10,59033,12.0,52.5,1530948.0
P-380,2766.99,2,7.0,10,2023-02-28,2023-03-30,41504,4.0,17.5,641274.0
P-381,3967.44,4,14.0,20,2023-03-14,2023-04-22,59511,8.0,35.0,1141566.0
P-382,3841.71,7,24.5,35,2023-12-13,2024-01-20,57625,14.0,61.25,1718625.0
P-383,2336.26,7,24.5,35,2023-10-13,2023-11-12,35043,14.0,61.25,1583133.0
P-384,1910.73,2,7.0,10,2023-01-08,2023-02-07,28660,4.0,17.5,564210.0
P-385,2348.06,5,17.5,25,2023-08-21,2023-09-20,35220,10.0,43.75,1191945.0
P-386,2400.31,6,21.0,30,2023-10-27,2023-11-26,36004,12.0,52.5,1392774.0
P-387,3634.31,8,28.0,40,2023-02-25,2023-04-02,54514,16.0,70.0,1896084.0
P-388,3402.1,9,31.5,45,2023-01-13,2023-02-16,51031,18.0,78.75,2071311.0
P-389,4644.07,4,14.0,20,2023-06-17,2023-08-02,69661,8.0,35.0,1202466.0
P-390,1065.51,8,28.0,40,2023-11-28,2023-12-28,15982,10.66,70.0,1397647.7864364104
P-391,2069.2,7,24.5,35,2023-12-25,2024-01-24,31037,14.0,61.25,1559097.0
P-392,1387.06,1,5.0,5,2023-03-01,2023-03-31,20805,2.0,12.5,361080.0
P-393,4982.89,2,7.0,10,2023-06-05,2023-07-24,74743,4.0,17.5,840708.0
P-394,1786.16,9,31.5,45,2023-02-19,2023-03-21,26792,17.86,78.75,1918957.068105791
P-395,2432.31,6,21.0,30,2023-03-11,2023-04-10,36484,12.0,52.5,1395654.0
P-396,4787.4,9,31.5,45,2023-12-10,2024-01-26,71810,18.0,78.75,2195985.0
P-397,3266.83,3,10.5,15,2023-08-03,2023-09-04,49002,6.0,26.25,882387.0
P-398,3550.67,8,28.0,40,2023-08-01,2023-09-05,53260,16.0,70.0,1888560.0
P-399,2514.09,5,17.5,25,2023-11-12,2023-12-12,37711,10.0,43.75,1206891.0
P-400,3699.18,4,14.0,20,2023-01-17,2023-02-22,55487,8.0,35.0,1117422.0
P-401,2667.72,4,14.0,20,2023-08-16,2023-09-15,40015,8.0,35.0,1024590.0
P-402,1217.29,6,21.0,30,2023-07-05,2023-08-04,18259,12.0,52.5,1286304.0
P-403,4587.12,6,21.0,30,2023-10-06,2023-11-20,68806,12.0,52.5,1589586.0
P-404,2472.19,4,14.0,20,2023-02-01,2023-03-03,37082,8.0,35.0,1006992.0
P-405,4785.85,8,28.0,40,2023-03-04,2023-04-20,71787,16.0,70.0,1999722.0
P-406,3583.63,10,35.0,50,2023-02-16,2023-03-23,53754,20.0,87.5,2283774.0
P-407,1012.43,6,21.0,30,2023-01-11,2023-02-10,15186,10.12,52.5,1174080.8723920332
P-408,4953.05,10,35.0,50,2023-05-05,2023-06-23,74295,20.0,87.5,2407020.0
P-409,1088.16,9,31.5,45,2023-04-16,2023-05-16,16322,10.88,78.75,1507138.3209311473
P-410,3262.81,4,14.0,20,2023-04-17,2023-05-19,48942,8.0,35.0,1078152.0
P-411,4052.35,10,35.0,50,2023-06-18,2023-07-28,60785,20.0,87.5,2325960.0
P-412,1964.55,3,10.5,15,2023-01-02,2023-02-01,29468,6.0,26.25,765183.0
P-413,3068.9,3,10.5,15,2023-03-08,2023-04-07,46033,6.0,26.25,864573.0
P-414,3576.44,1,5.0,5,2023-02-26,2023-04-02,53646,2.0,12.5,558126.0
P-415,862.41,4,14.0,20,2023-03-09,2023-04-08,12936,8.0,35.0,862116.0
P-416,2159.84,3,10.5,15,2023-10-29,2023-11-28,32397,6.0,26.25,782757.0
P-417,1020.08,7,24.5,35,2023-05-16,2023-06-15,15301,10.2,61.25,1274718.9375084706
P-418,1277.33,2,7.0,10,2023-09-27,2023-10-27,19159,4.0,17.5,507204.0
P-419,2682.76,6,21.0,30,2023-09-01,2023-10-01,40241,12.0,52.5,1418196.0
P-420,3293.4,8,28.0,40,2023-09-20,2023-10-22,49400,16.0,70.0,1865400.0
P-421,1730.51,10,35.0,50,2023-09-15,2023-10-15,25957,17.31,87.5,1982246.4884783984
P-422,3854.42,9,31.5,45,2023-01-23,2023-03-02,57816,18.0,78.75,2112021.0
P-423,2723.78,1,5.0,5,2023-06-04,2023-07-04,40856,2.0,12.5,481386.0
P-424,4994.06,7,24.5,35,2023-02-01,2023-03-22,74910,14.0,61.25,1822335.0
P-425,3681.61,8,28.0,40,2023-08-07,2023-09-12,55224,16.0,70.0,1900344.0
P-426,4620.74,2,7.0,10,2023-12-31,2024-02-15,69311,4.0,17.5,808116.0
P-427,2152.87,3,10.5,15,2023-02-11,2023-03-13,32293,6.0,26.25,782133.0
P-428,1330.0,10,35.0,50,2023-02-03,2023-03-05,19950,13.3,87.5,1745952.335440618
P-429,3258.53,6,21.0,30,2023-11-21,2023-12-23,48877,12.0,52.5,1470012.0
P-430,4977.44,9,31.5,45,2023-07-15,2023-09-02,74661,18.0,78.75,2213091.0
P-431,2705.6,10,35.0,50,2023-05-31,2023-06-30,40584,20.0,87.5,2204754.0
P-432,1216.55,2,7.0,10,2023-08-09,2023-09-08,18248,4.0,17.5,501738.0
P-433,3533.85,9,31.5,45,2023-12-02,2024-01-06,53007,18.0,78.75,2083167.0
P-434,2606.29,4,14.0,20,2023-04-21,2023-05-21,39094,8.0,35.0,1019064.0
P-435,2223.51,8,28.0,40,2023-07-31,2023-08-30,33352,16.0,70.0,1769112.0
P-436,2547.16,2,7.0,10,2023-07-24,2023-08-23,38207,4.0,17.5,621492.0
P-437,2592.41,5,17.5,25,2023-06-10,2023-07-10,38886,10.0,43.75,1213941.0
P-438,4805.09,8,28.0,40,2023-07-11,2023-08-28,72076,16.0,70.0,2001456.0
P-439,1183.14,2,7.0,10,2023-02-04,2023-03-06,17747,4.0,17.5,498732.0
P-440,2613.88,6,21.0,30,2023-02-17,2023-03-19,39208,12.0,52.5,1411998.0
P-441,3136.76,10,35.0,50,2023-03-08,2023-04-08,47051,20.0,87.5,2243556.0
P-442,3159.07,2,7.0,10,2023-10-15,2023-11-15,47386,4.0,17.5,676566.0
P-443,2285.11,7,24.5,35,2023-07-30,2023-08-29,34276,14.0,61.25,1578531.0
P-444,4867.27,10,35.0,50,2023-01-27,2023-03-16,73009,20.0,87.5,2399304.0
P-445,2276.91,10,35.0,50,2023-06-09,2023-07-09,34153,20.0,87.5,2166168.0
P-446,1693.5,8,28.0,40,2023-09-17,2023-10-17,25402,16.0,70.0,1721412.0
P-447,4358.55,6,21.0,30,2023-04-25,2023-06-07,65378,12.0,52.5,1569018.0
P-448,2343.76,5,17.5,25,2023-10-12,2023-11-11,35156,10.0,43.75,1191561.0
P-449,1749.87,7,24.5,35,2023-10-21,2023-11-20,26248,14.0,61.25,1530363.0
P-450,4893.1,10,35.0,50,2023-10-15,2023-12-02,73396,20.0,87.5,2401626.0
P-451,3634.9,9,31.5,45,2023-11-11,2023-12-17,54523,18.0,78.75,2092263.0
P-452,3357.78,5,17.5,25,2023-01-14,2023-02-16,50366,10.0,43.75,1282821.0
P-453,1557.75,5,17.5,25,2023-01-15,2023-02-14,23366,10.0,43.75,1120821.0
P-454,2274.3,3,10.5,15,2023-06-23,2023-07-23,34114,6.0,26.25,793059.0
P-455,3178.55,7,24.5,35,2023-03-15,2023-04-15,47678,14.0,61.25,1658943.0
P-456,1395.87,1,5.0,5,2023-02-05,2023-03-07,20938,2.0,12.5,361878.0
P-457,3933.67,4,14.0,20,2023-02-16,2023-03-27,59005,8.0,35.0,1138530.0
P-458,2563.3,6,21.0,30,2023-07-12,2023-08-11,38449,12.0,52.5,1407444.0
P-459,2354.22,6,21.0,30,2023-03-22,2023-04-21,35313,12.0,52.5,1388628.0
P-460,3304.14,1,5.0,5,2023-10-18,2023-11-20,49562,2.0,12.5,533622.0
P-461,1461.12,10,35.0,50,2023-03-21,2023-04-20,21916,14.61,87.5,1823306.7839250215
P-462,3630.67,5,17.5,25,2023-01-26,2023-03-03,54460,10.0,43.75,1307385.0
P-463,3580.14,8,28.0,40,2023-08-15,2023-09-19,53702,16.0,70.0,1891212.0
P-464,2656.59,5,17.5,25,2023-11-07,2023-12-07,39848,10.0,43.75,1219713.0
P-465,3970.76,2,7.0,10,2023-04-21,2023-05-30,59561,4.0,17.5,749616.0
P-466,2605.64,5,17.5,25,2023-06-26,2023-07-26,39084,10.0,43.75,1215129.0
P-467,3649.64,8,28.0,40,2023-12-14,2024-01-19,54744,16.0,70.0,1897464.0
P-468,3601.96,1,5.0,5,2023-09-27,2023-11-02,54029,2.0,12.5,560424.0
P-469,2460.11,10,35.0,50,2023-04-23,2023-05-23,36901,20.0,87.5,2182656.0
P-470,832.29,5,17.5,25,2023-01-29,2023-02-28,12484,8.32,43.75,971671.880389754
P-471,4022.87,5,17.5,25,2023-04-19,2023-05-29,60343,10.0,43.75,1342683.0
P-472,2178.11,1,5.0,5,2023-05-29,2023-06-28,32671,2.0,12.5,432276.0
P-473,3937.46,3,10.5,15,2023-09-12,2023-10-21,59061,6.0,26.25,942741.0
P-474,2396.87,4,14.0,20,2023-03-08,2023-04-07,35953,8.0,35.0,1000218.0
P-475,3146.64,6,21.0,30,2023-09-14,2023-10-15,47199,12.0,52.5,1459944.0
P-476,2467.7,1,5.0,5,2023-02-06,2023-03-08,37015,2.0,12.5,458340.0
P-477,878.71,2,7.0,10,2023-08-12,2023-09-11,13180,4.0,17.5,471330.0
P-478,3218.19,10,35.0,50,2023-06-10,2023-07-12,48272,20.0,87.5,2250882.0
P-479,3779.9,7,24.5,35,2023-07-27,2023-09-02,56698,14.0,61.25,1713063.0
P-480,1283.73,1,5.0,5,2023-05-29,2023-06-28,19255,2.0,12.5,351780.0
P-481,1521.87,10,35.0,50,2023-06-16,2023-07-16,22828,15.22,87.5,1859151.6792139448
P-482,4294.51,6,21.0,30,2023-08-24,2023-10-05,64417,12.0,52.5,1563252.0
P-483,2634.19,2,7.0,10,2023-02-15,2023-03-17,39512,4.0,17.5,629322.0
P-484,2629.84,7,24.5,35,2023-05-05,2023-06-04,39447,14.0,61.25,1609557.0
P-485,1130.32,5,17.5,25,2023-09-26,2023-10-26,16954,10.0,43.75,1082349.0
P-486,1730.6,3,10.5,15,2023-06-23,2023-07-23,25959,6.0,26.25,744129.0
P-487,2944.03,2,7.0,10,2023-02-09,2023-03-11,44160,4.0,17.5,657210.0
P-488,2941.8,6,21.0,30,2023-09-29,2023-10-29,44126,12.0,52.5,1441506.0
P-489,3854.99,3,10.5,15,2023-06-29,2023-08-06,57824,6.0,26.25,935319.0
P-490,1231.78,5,17.5,25,2023-05-01,2023-05-31,18476,10.0,43.75,1091481.0
P-491,1528.7,3,10.5,15,2023-04-12,2023-05-12,22930,6.0,26.25,725955.0
P-492,1116.48,8,28.0,40,2023-12-02,2024-01-01,16747,11.16,70.0,1427723.8745160613
P-493,3968.67,10,35.0,50,2023-08-26,2023-10-04,59530,20.0,87.5,2318430.0
P-494,3660.76,10,35.0,50,2023-08-18,2023-09-23,54911,20.0,87.5,2290716.0
P-495,3468.25,10,35.0,50,2023-11-26,2023-12-30,52023,20.0,87.5,2273388.0
P-496,4429.84,6,21.0,30,2023-06-15,2023-07-29,66447,12.0,52.5,1575432.0
P-497,2647.0,8,28.0,40,2023-03-19,2023-04-18,39705,16.0,70.0,1807230.0
P-498,3451.82,5,17.5,25,2023-08-15,2023-09-18,51777,10.0,43.75,1291287.0
P-499,1035.92,9,31.5,45,2023-10-30,2023-11-29,15538,10.36,78.75,1476314.4524474638
P-500,2103.71,8,28.0,40,2023-02-07,2023-03-09,31555,16.0,70.0,1758330.0
P-501,1038.94,5,17.5,25,2023-01-20,2023-02-19,15584,10.0,43.75,1074129.0
P-502,3507.6,2,7.0,10,2023-02-09,2023-03-16,52613,4.0,17.5,707928.0
P-503,3295.14,7,24.5,35,2023-11-11,2023-12-13,49427,14.0,61.25,1669437.0
P-504,3237.38,1,5.0,5,2023-08-25,2023-09-26,48560,2.0,12.5,527610.0
P-505,4618.01,10,35.0,50,2023-08-19,2023-10-04,69270,20.0,87.5,2376870.0
P-506,1590.61,10,35.0,50,2023-11-30,2023-12-30,23859,15.91,87.5,1899706.8766453727
P-507,2905.74,1,5.0,5,2023-09-01,2023-10-01,43586,2.0,12.5,497766.0
P-508,1234.71,6,21.0,30,2023-08-19,2023-09-18,18520,12.0,52.5,1287870.0
P-509,1154.18,3,10.5,15,2024-01-01,2024-01-31,17312,6.0,26.25,692247.0
P-510,1840.52,8,28.0,40,2023-01-21,2023-02-20,27607,16.0,70.0,1734642.0
P-511,3001.09,10,35.0,50,2023-08-13,2023-09-12,45016,20.0,87.5,2231346.0
P-512,2328.37,5,17.5,25,2023-03-23,2023-04-22,34925,10.0,43.75,1190175.0
P-513,2516.83,6,21.0,30,2023-07-18,2023-08-17,37752,12.0,52.5,1403262.0
P-514,3311.12,6,21.0,30,2023-12-14,2024-01-16,49666,12.0,52.5,1474746.0
P-515,2184.7,9,31.5,45,2023-02-03,2023-03-05,32770,18.0,78.75,1961745.0
P-516,2423.57,5,17.5,25,2023-12-14,2024-01-13,36353,10.0,43.75,1198743.0
P-517,4850.52,10,35.0,50,2023-12-03,2024-01-20,72757,20.0,87.5,2397792.0
P-518,2200.12,10,35.0,50,2023-03-18,2023-04-17,33001,20.0,87.5,2159256.0
P-519,1394.0,6,21.0,30,2023-12-06,2024-01-05,20909,12.0,52.5,1302204.0
P-520,4864.33,7,24.5,35,2023-06-08,2023-07-26,72964,14.0,61.25,1810659.0
P-521,3299.17,2,7.0,10,2023-03-08,2023-04-09,49487,4.0,17.5,689172.0
P-522,3147.47,6,21.0,30,2023-06-08,2023-07-09,47212,12.0,52.5,1460022.0
P-523,3614.49,9,31.5,45,2023-03-07,2023-04-12,54217,18.0,78.75,2090427.0
P-524,3513.3,7,24.5,35,2023-02-17,2023-03-24,52699,14.0,61.25,1689069.0
P-525,2319.68,6,21.0,30,2023-09-18,2023-10-18,34795,12.0,52.5,1385520.0
P-526,1557.1,4,14.0,20,2023-06-08,2023-07-08,23356,8.0,35.0,924636.0
P-527,4780.21,8,28.0,40,2023-06-24,2023-08-10,71703,16.0,70.0,1999218.0
P-528,1751.48,3,10.5,15,2023-04-09,2023-05-09,26272,6.0,26.25,746007.0
P-529,1124.09,2,7.0,10,2023-03-21,2023-04-20,16861,4.0,17.5,493416.0
P-530,4037.67,9,31.5,45,2023-09-17,2023-10-27,60565,18.0,78.75,2128515.0
P-531,3580.1,10,35.0,50,2023-01-20,2023-02-24,53701,20.0,87.5,2283456.0
P-532,3308.44,3,10.5,15,2023-03-09,2023-04-11,49626,6.0,26.25,886131.0
P-533,1559.55,10,35.0,50,2023-03-25,2023-04-24,23393,15.6,87.5,1881384.531054263
P-534,3828.97,1,5.0,5,2023-03-26,2023-05-03,57434,2.0,12.5,580854.0
P-535,2330.06,4,14.0,20,2023-07-30,2023-08-29,34950,8.0,35.0,994200.0
P-536,3364.5,8,28.0,40,2023-08-16,2023-09-18,50467,16.0,70.0,1871802.0
P-537,3042.85,5,17.5,25,2023-04-30,2023-05-30,45642,10.0,43.75,1254477.0
P-538,4596.69,4,14.0,20,2023-08-29,2023-10-13,68950,8.0,35.0,1198200.0
P-539,3648.89,10,35.0,50,2023-07-08,2023-08-13,54733,20.0,87.5,2289648.0
P-540,2739.06,5,17.5,25,2023-08-14,2023-09-13,41085,10.0,43.75,1227135.0
P-541,2912.21,7,24.5,35,2023-07-15,2023-08-14,43683,14.0,61.25,1634973.0
P-542,4230.94,10,35.0,50,2023-03-24,2023-05-05,63464,20.0,87.5,2342034.0
P-543,4466.61,1,5.0,5,2023-03-12,2023-04-25,66999,2.0,12.5,638244.0
P-544,2818.48,6,21.0,30,2023-11-25,2023-12-25,42277,12.0,52.5,1430412.0
P-545,4724.03,9,31.5,45,2023-10-11,2023-11-27,70860,18.0,78.75,2190285.0
P-546,1997.26,3,10.5,15,2023-03-05,2023-04-04,29958,6.0,26.25,768123.0
P-547,2687.14,9,31.5,45,2023-05-20,2023-06-19,40307,18.0,78.75,2006967.0
P-548,4290.4,2,7.0,10,2023-03-17,2023-04-28,64355,4.0,17.5,778380.0
P-549,4230.15,6,21.0,30,2023-04-24,2023-06-05,63452,12.0,52.5,1557462.0
P-550,2542.57,7,24.5,35,2023-01-14,2023-02-13,38138,14.0,61.25,1601703.0
P-551,2370.64,7,24.5,35,2023-09-15,2023-10-15,35559,14.0,61.25,1586229.0
P-552,2374.63,1,5.0,5,2023-02-11,2023-03-13,35619,2.0,12.5,449964.0
P-553,4709.47,6,21.0,30,2023-06-13,2023-07-30,70642,12.0,52.5,1600602.0
P-554,1377.92,5,17.5,25,2023-03-16,2023-04-15,20668,10.0,43.75,1104633.0
P-555,3723.5,3,10.5,15,2023-08-30,2023-10-06,55852,6.0,26.25,923487.0
P-556,2770.26,10,35.0,50,2023-12-28,2024-01-27,41553,20.0,87.5,2210568.0
P-557,4604.6,1,5.0,5,2023-01-03,2023-02-18,69069,2.0,12.5,650664.0
P-558,1705.75,3,10.5,15,2023-05-12,2023-06-11,25586,6.0,26.25,741891.0
P-559,4748.95,10,35.0,50,2023-10-08,2023-11-24,71234,20.0,87.5,2388654.0
P-560,2577.67,5,17.5,25,2023-09-28,2023-10-28,38665,10.0,43.75,1212615.0
P-561,2064.84,1,5.0,5,2023-05-02,2023-06-01,30972,2.0,12.5,422082.0
P-562,2563.27,10,35.0,50,2023-05-03,2023-06-02,38449,20.0,87.5,2191944.0
P-563,1063.79,8,28.0,40,2023-08-23,2023-09-22,15956,10.64,70.0,1396631.017123234
P-564,3051.43,9,31.5,45,2023-11-02,2023-12-02,45771,18.0,78.75,2039751.0
P-565,1816.14,3,10.5,15,2023-10-22,2023-11-21,27242,6.0,26.25,751827.0
P-566,2602.8,10,35.0,50,2023-05-30,2023-06-29,39042,20.0,87.5,2195502.0
P-567,1810.37,7,24.5,35,2023-06-30,2023-07-30,27155,14.0,61.25,1535805.0
P-568,3590.36,2,7.0,10,2023-04-06,2023-05-11,53855,4.0,17.5,715380.0
P-569,4893.55,2,7.0,10,2023-09-26,2023-11-13,73403,4.0,17.5,832668.0
P-570,3085.14,9,31.5,45,2023-09-27,2023-10-27,46277,18.0,78.75,2042787.0
P-571,885.4,8,28.0,40,2023-10-11,2023-11-10,13281,8.85,70.0,1291388.043205148
P-572,3469.82,6,21.0,30,2023-01-23,2023-02-26,52047,12.0,52.5,1489032.0
P-573,3938.73,6,21.0,30,2023-05-10,2023-06-18,59080,12.0,52.5,1531230.0
P-574,2248.17,2,7.0,10,2023-02-04,2023-03-06,33722,4.0,17.5,594582.0
P-575,3887.79,6,21.0,30,2023-10-25,2023-12-02,58316,12.0,52.5,1526646.0
P-576,986.21,9,31.5,45,2023-03-10,2023-04-09,14793,9.86,78.75,1446987.9454199371
P-577,4216.74,3,10.5,15,2023-06-23,2023-08-04,63251,6.0,26.25,967881.0
P-578,2751.42,8,28.0,40,2023-12-17,2024-01-16,41271,16.0,70.0,1816626.0
P-579,1565.57,3,10.5,15,2023-11-20,2023-12-20,23483,6.0,26.25,729273.0
P-580,3807.39,8,28.0,40,2023-02-02,2023-03-12,57110,16.0,70.0,1911660.0
P-581,2032.46,1,5.0,5,2023-01-19,2023-02-18,30486,2.0,12.5,419166.0
P-582,4520.32,6,21.0,30,2023-04-13,2023-05-28,67804,12.0,52.5,1583574.0
P-583,2964.61,9,31.5,45,2023-06-08,2023-07-08,44469,18.0,78.75,2031939.0
P-584,1863.92,4,14.0,20,2023-08-31,2023-09-30,27958,8.0,35.0,952248.0
P-585,2299.29,1,5.0,5,2023-05-27,2023-06-26,34489,2.0,12.5,443184.0
P-586,2194.08,2,7.0,10,2023-12-02,2024-01-01,32911,4.0,17.5,589716.0
P-587,2635.2,7,24.5,35,2023-07-08,2023-08-07,39527,14.0,61.25,1610037.0
P-588,4557.48,7,24.5,35,2023-08-14,2023-09-28,68362,14.0,61.25,1783047.0
P-589,4889.64,8,28.0,40,2023-06-23,2023-08-10,73344,16.0,70.0,2009064.0
P-590,2889.6,9,31.5,45,2023-12-21,2024-01-20,43343,18.0,78.75,2025183.0
P-591,4164.82,7,24.5,35,2023-05-17,2023-06-27,62472,14.0,61.25,1747707.0
P-592,2608.55,3,10.5,15,2023-02-10,2023-03-12,39128,6.0,26.25,823143.0
P-593,2033.82,2,7.0,10,2023-10-07,2023-11-06,30507,4.0,17.5,575292.0
P-594,2177.26,5,17.5,25,2023-02-10,2023-03-12,32658,10.0,43.75,1176573.0
P-595,2672.85,7,24.5,35,2023-06-06,2023-07-06,40092,14.0,61.25,1613427.0
P-596,3697.01,6,21.0,30,2023-03-27,2023-05-02,55455,12.0,52.5,1509480.0
P-597,977.89,6,21.0,30,2023-08-17,2023-09-16,14668,9.78,52.5,1153703.841985272
P-598,4992.23,5,17.5,25,2023-11-11,2023-12-30,74883,10.0,43.75,1429923.0
P-599,4916.11,1,5.0,5,2023-11-24,2024-01-12,73741,2.0,12.5,678696.0
P-600,3618.97,7,24.5,35,2023-02-08,2023-03-16,54284,14.0,61.25,1698579.0
P-601,2954.96,3,10.5,15,2023-07-06,2023-08-05,44324,6.0,26.25,854319.0
P-602,1399.67,10,35.0,50,2023-01-16,2023-02-15,20995,14.0,87.5,1787056.8835613544
P-603,4081.51,1,5.0,5,2023-12-14,2024-01-23,61222,2.0,12.5,603582.0
P-604,1082.38,6,21.0,30,2023-03-06,2023-04-05,16235,10.82,52.5,1215350.0624304283
P-605,2407.99,10,35.0,50,2023-07-05,2023-08-04,36119,20.0,87.5,2177964.0
P-606,3341.4,8,28.0,40,2023-01-17,2023-02-19,50120,16.0,70.0,1869720.0
P-607,2362.46,2,7.0,10,2023-07-09,2023-08-08,35436,4.0,17.5,604866.0
P-608,1378.32,6,21.0,30,2023-10-21,2023-11-20,20674,12.0,52.5,1300794.0
P-609,2120.42,5,17.5,25,2023-07-23,2023-08-22,31806,10.0,43.75,1171461.0
P-610,4834.18,1,5.0,5,2023-05-08,2023-06-25,72512,2.0,12.5,671322.0
P-611,2895.98,7,24.5,35,2023-04-06,2023-05-06,43439,14.0,61.25,1633509.0
P-612,1294.6,5,17.5,25,2023-10-15,2023-11-14,19418,10.0,43.75,1097133.0
P-613,2674.35,10,35.0,50,2023-12-27,2024-01-26,40115,20.0,87.5,2201940.0
P-614,3714.72,8,28.0,40,2023-05-27,2023-07-03,55720,16.0,70.0,1903320.0
P-615,1315.08,2,7.0,10,2023-04-13,2023-05-13,19726,4.0,17.5,510606.0
P-616,1525.16,8,28.0,40,2023-08-20,2023-09-19,22877,15.25,70.0,1668840.3643664862
P-617,4204.16,6,21.0,30,2023-02-14,2023-03-28,63062,12.0,52.5,1555122.0
P-618,2259.19,2,7.0,10,2023-12-08,2024-01-07,33887,4.0,17.5,595572.0
P-619,3077.12,5,17.5,25,2023-10-09,2023-11-08,46156,10.0,43.75,1257561.0
P-620,3789.6,3,10.5,15,2023-03-22,2023-04-28,56843,6.0,26.25,929433.0
P-621,2936.77,2,7.0,10,2023-07-05,2023-08-04,44051,4.0,17.5,656556.0
P-622,4126.68,4,14.0,20,2023-04-13,2023-05-24,61900,8.0,35.0,1155900.0
P-623,910.39,9,31.5,45,2023-09-10,2023-10-10,13655,9.1,78.75,1402251.456297358
P-624,2349.43,9,31.5,45,2023-10-21,2023-11-20,35241,18.0,78.75,1976571.0
P-625,3370.18,2,7.0,10,2023-03-08,2023-04-10,50552,4.0,17.5,695562.0
P-626,2099.02,8,28.0,40,2023-02-03,2023-03-05,31485,16.0,70.0,1757910.0
P-627,2525.34,7,24.5,35,2023-09-27,2023-10-27,37880,14.0,61.25,1600155.0
P-628,1109.75,6,21.0,30,2023-10-22,2023-11-21,16646,11.1,52.5,1231502.497113602
P-629,1111.49,8,28.0,40,2023-11-25,2023-12-25,16672,11.11,70.0,1424778.541507143
P-630,2972.91,3,10.5,15,2023-12-15,2024-01-14,44593,6.0,26.25,855933.0
P-631,3487.13,3,10.5,15,2023-10-10,2023-11-13,52307,6.0,26.25,902217.0
P-632,2617.0,1,5.0,5,2023-03-08,2023-04-07,39254,2.0,12.5,471774.0
P-633,2976.03,5,17.5,25,2023-03-05,2023-04-04,44640,10.0,43.75,1248465.0
P-634,1480.26,4,14.0,20,2023-03-26,2023-04-25,22203,8.0,35.0,917718.0
P-635,4779.43,9,31.5,45,2023-06-27,2023-08-13,71691,18.0,78.75,2195271.0
P-636,4352.92,5,17.5,25,2023-05-26,2023-07-08,65293,10.0,43.75,1372383.0
P-637,3467.24,9,31.5,45,2023-04-11,2023-05-15,52008,18.0,78.75,2077173.0
P-638,1325.72,5,17.5,25,2023-05-21,2023-06-20,19885,10.0,43.75,1099935.0
P-639,3040.61,9,31.5,45,2023-11-11,2023-12-11,45609,18.0,78.75,2038779.0
P-640,1508.27,10,35.0,50,2023-11-25,2023-12-25,22624,15.08,87.5,1851129.3936701845
P-641,1519.04,10,35.0,50,2023-03-20,2023-04-19,22785,15.19,87.5,1857481.308417164
P-642,2218.0,10,35.0,50,2023-11-06,2023-12-06,33270,20.0,87.5,2160870.0
P-643,4265.99,1,5.0,5,2023-01-22,2023-03-05,63989,2.0,12.5,620184.0
P-644,990.94,10,35.0,50,2023-02-11,2023-03-13,14864,9.91,87.5,1545903.7869118182
P-645,3534.75,10,35.0,50,2023-05-16,2023-06-20,53021,20.0,87.5,2279376.0
P-646,3396.06,1,5.0,5,2023-08-02,2023-09-04,50940,2.0,12.5,541890.0
P-647,4533.79,9,31.5,45,2023-09-12,2023-10-27,68006,18.0,78.75,2173161.0
P-648,3496.01,5,17.5,25,2023-05-29,2023-07-02,52440,10.0,43.75,1295265.0
P-649,1828.49,7,24.5,35,2023-09-05,2023-10-05,27427,14.0,61.25,1537437.0
P-650,2704.89,1,5.0,5,2023-06-02,2023-07-02,40573,2.0,12.5,479688.0
P-651,2646.34,8,28.0,40,2023-03-22,2023-04-21,39695,16.0,70.0,1807170.0
P-652,1656.9,10,35.0,50,2023-08-26,2023-09-25,24853,16.57,87.5,1938816.3284831373
P-653,2112.85,6,21.0,30,2023-03-15,2023-04-14,31692,12.0,52.5,1366902.0
P-654,4896.57,3,10.5,15,2023-06-26,2023-08-13,73448,6.0,26.25,1029063.0
P-655,2962.92,2,7.0,10,2023-07-09,2023-08-08,44443,4.0,17.5,658908.0
P-656,1815.3,2,7.0,10,2023-06-13,2023-07-13,27229,4.0,17.5,555624.0
P-657,2688.3,3,10.5,15,2023-05-17,2023-06-16,40324,6.0,26.25,830319.0
P-658,1012.54,7,24.5,35,2023-02-19,2023-03-21,15188,10.13,61.25,1270274.1127806096
P-659,2556.17,3,10.5,15,2023-11-12,2023-12-12,38342,6.0,26.25,818427.0
P-660,4721.76,6,21.0,30,2023-06-17,2023-08-03,70826,12.0,52.5,1601706.0
P-661,4005.11,8,28.0,40,2023-04-08,2023-05-18,60076,16.0,70.0,1929456.0
P-662,2760.62,5,17.5,25,2023-09-21,2023-10-21,41409,10.0,43.75,1229079.0
P-663,897.34,7,24.5,35,2023-09-12,2023-10-12,13460,8.97,61.25,1202305.2262543372
P-664,2720.37,4,14.0,20,2023-09-16,2023-10-16,40805,8.0,35.0,1029330.0
P-665,3250.05,1,5.0,5,2023-04-21,2023-05-23,48750,2.0,12.5,528750.0
P-666,1981.7,10,35.0,50,2023-01-26,2023-02-25,29725,19.82,87.5,2130448.3105844096
P-667,3624.59,5,17.5,25,2023-12-01,2024-01-06,54368,10.0,43.75,1306833.0
P-668,834.35,2,7.0,10,2023-10-02,2023-11-01,12515,4.0,17.5,467340.0
P-669,1362.53,5,17.5,25,2023-08-09,2023-09-08,20437,10.0,43.75,1103247.0
P-670,4008.2,6,21.0,30,2023-07-07,2023-08-16,60122,12.0,52.5,1537482.0
P-671,2482.44,10,35.0,50,2023-01-24,2023-02-23,37236,20.0,87.5,2184666.0
P-672,1617.55,9,31.5,45,2023-10-15,2023-11-14,24263,16.18,78.75,1819479.1339642098
P-673,1108.83,9,31.5,45,2023-05-28,2023-06-27,16632,11.09,78.75,1519333.6744599678
P-674,4010.5,5,17.5,25,2023-08-19,2023-09-28,60157,10.0,43.75,1341567.0
P-675,3657.67,2,7.0,10,2023-11-16,2023-12-22,54865,4.0,17.5,721440.0
P-676,4895.35,7,24.5,35,2023-03-07,2023-04-24,73430,14.0,61.25,1813455.0
P-677,4138.57,6,21.0,30,2023-07-11,2023-08-21,62078,12.0,52.5,1549218.0
P-678,4743.58,3,10.5,15,2023-10-13,2023-11-29,71153,6.0,26.25,1015293.0
P-679,3330.34,7,24.5,35,2023-04-12,2023-05-15,49955,14.0,61.25,1672605.0
P-680,969.07,1,5.0,5,2023-09-14,2023-10-14,14536,2.0,12.5,323466.0
P-681,3797.09,8,28.0,40,2023-03-12,2023-04-18,56956,16.0,70.0,1910736.0
P-682,2719.35,10,35.0,50,2023-09-23,2023-10-23,40790,20.0,87.5,2205990.0
P-683,1387.08,10,35.0,50,2023-09-21,2023-10-21,20806,13.87,87.5,1779626.0701219458
P-684,1482.51,10,35.0,50,2023-06-13,2023-07-13,22237,14.83,87.5,1835926.296341573
P-685,3293.64,9,31.5,45,2023-06-03,2023-07-05,49404,18.0,78.75,2061549.0
P-686,3035.83,10,35.0,50,2023-09-18,2023-10-18,45537,20.0,87.5,2234472.0
P-687,2794.55,1,5.0,5,2023-06-03,2023-07-03,41918,2.0,12.5,487758.0
P-688,2191.21,2,7.0,10,2023-07-08,2023-08-07,32868,4.0,17.5,589458.0
P-689,3251.55,1,5.0,5,2023-08-02,2023-09-03,48773,2.0,12.5,528888.0
P-690,2793.28,10,35.0,50,2023-11-02,2023-12-02,41899,20.0,87.5,2212644.0
P-691,1755.68,1,5.0,5,2023-10-23,2023-11-22,26335,2.0,12.5,394260.0
P-692,2817.88,9,31.5,45,2023-10-26,2023-11-25,42268,18.0,78.75,2018733.0
P-693,3828.97,7,24.5,35,2023-11-19,2023-12-27,57434,14.0,61.25,1717479.0
P-694,4250.98,4,14.0,20,2023-03-17,2023-04-28,63764,8.0,35.0,1167084.0
P-695,3204.8,2,7.0,10,2023-01-17,2023-02-18,48071,4.0,17.5,680676.0
P-696,879.54,6,21.0,30,2023-04-08,2023-05-08,13193,8.8,52.5,1095676.4717638865
P-697,1436.01,4,14.0,20,2023-08-03,2023-09-02,21540,8.0,35.0,913740.0
P-698,2907.64,10,35.0,50,2023-07-30,2023-08-29,43614,20.0,87.5,2222934.0
P-699,4465.83,1,5.0,5,2023-08-30,2023-10-13,66987,2.0,12.5,638172.0
P-700,1379.95,4,14.0,20,2023-12-28,2024-01-27,20699,8.0,35.0,908694.0
P-701,2165.21,8,28.0,40,2023-10-15,2023-11-14,32478,16.0,70.0,1763868.0
P-702,2382.66,3,10.5,15,2023-09-27,2023-10-27,35739,6.0,26.25,802809.0
P-703,4630.92,6,21.0,30,2023-08-24,2023-10-09,69463,12.0,52.5,1593528.0
P-704,2288.01,5,17.5,25,2023-10-07,2023-11-06,34320,10.0,43.75,1186545.0
P-705,2833.56,4,14.0,20,2023-11-09,2023-12-09,42503,8.0,35.0,1039518.0
P-706,3143.96,4,14.0,20,2023-05-23,2023-06-23,47159,8.0,35.0,1067454.0
P-707,4038.93,4,14.0,20,2023-06-02,2023-07-12,60583,8.0,35.0,1147998.0
P-708,3760.95,6,21.0,30,2023-12-20,2024-01-26,56414,12.0,52.5,1515234.0
P-709,2264.97,5,17.5,25,2023-09-03,2023-10-03,33974,10.0,43.75,1184469.0
P-710,1311.87,9,31.5,45,2023-05-28,2023-06-27,19678,13.12,78.75,1639128.6220387018
P-711,4562.19,7,24.5,35,2023-07-14,2023-08-28,68432,14.0,61.25,1783467.0
P-712,4809.36,3,10.5,15,2023-06-26,2023-08-13,72140,6.0,26.25,1021215.0
P-713,976.68,2,7.0,10,2023-05-29,2023-06-28,14650,4.0,17.5,480150.0
P-714,4680.84,5,17.5,25,2023-06-27,2023-08-12,70212,10.0,43.75,1401897.0
P-715,1698.74,9,31.5,45,2023-09-03,2023-10-03,25481,16.99,78.75,1867383.296961716
P-716,4718.7,5,17.5,25,2023-05-19,2023-07-05,70780,10.0,43.75,1405305.0
P-717,1258.75,10,35.0,50,2023-03-12,2023-04-11,18881,12.59,87.5,1703911.821299268
P-718,1818.32,9,31.5,45,2023-05-03,2023-06-02,27274,18.0,78.75,1928769.0
P-719,3479.37,1,5.0,5,2023-04-26,2023-05-30,52190,2.0,12.5,549390.0
P-720,2535.87,8,28.0,40,2023-02-21,2023-03-23,38037,16.0,70.0,1797222.0
P-721,3661.01,3,10.5,15,2023-02-21,2023-03-29,54915,6.0,26.25,917865.0
P-722,4850.98,3,10.5,15,2023-01-03,2023-02-20,72764,6.0,26.25,1024959.0
P-723,3542.15,8,28.0,40,2023-07-28,2023-09-01,53132,16.0,70.0,1887792.0
P-724,3532.26,5,17.5,25,2023-09-02,2023-10-07,52983,10.0,43.75,1298523.0
P-725,1998.74,1,5.0,5,2023-06-14,2023-07-14,29981,2.0,12.5,416136.0
P-726,3539.65,4,14.0,20,2023-02-15,2023-03-22,53094,8.0,35.0,1103064.0
P-727,3902.48,1,5.0,5,2023-10-01,2023-11-09,58537,2.0,12.5,587472.0
P-728,2555.12,3,10.5,15,2023-03-31,2023-04-30,38326,6.0,26.25,818331.0
P-729,4988.12,7,24.5,35,2023-01-19,2023-03-09,74821,14.0,61.25,1821801.0
P-730,1582.51,5,17.5,25,2023-09-11,2023-10-11,23737,10.0,43.75,1123047.0
P-731,838.92,10,35.0,50,2023-01-20,2023-02-19,12583,8.39,87.5,1456209.0538082095
P-732,1250.66,6,21.0,30,2023-11-05,2023-12-05,18759,12.0,52.5,1289304.0
P-733,2708.27,9,31.5,45,2023-05-26,2023-06-25,40623,18.0,78.75,2008863.0
P-734,2874.43,3,10.5,15,2023-09-26,2023-10-26,43116,6.0,26.25,847071.0
P-735,2765.69,4,14.0,20,2023-09-16,2023-10-16,41485,8.0,35.0,1033410.0
P-736,2188.87,8,28.0,40,2023-02-27,2023-03-29,32833,16.0,70.0,1765998.0
P-737,1880.51,3,10.5,15,2023-11-28,2023-12-28,28207,6.0,26.25,757617.0
P-738,3893.8,5,17.5,25,2023-01-08,2023-02-15,58406,10.0,43.75,1331061.0
P-739,3632.48,4,14.0,20,2023-10-18,2023-11-23,54487,8.0,35.0,1111422.0
P-740,3366.01,7,24.5,35,2023-03-31,2023-05-03,50490,14.0,61.25,1675815.0
P-741,2964.18,2,7.0,10,2023-08-07,2023-09-06,44462,4.0,17.5,659022.0
P-742,3610.87,3,10.5,15,2023-07-25,2023-08-30,54163,6.0,26.25,913353.0
P-743,2805.31,4,14.0,20,2023-03-13,2023-04-12,42079,8.0,35.0,1036974.0
P-744,1895.3,4,14.0,20,2023-01-04,2023-02-03,28429,8.0,35.0,955074.0
P-745,3965.78,6,21.0,30,2023-08-17,2023-09-25,59486,12.0,52.5,1533666.0
P-746,3246.34,10,35.0,50,2023-06-04,2023-07-06,48695,20.0,87.5,2253420.0
P-747,1898.52,6,21.0,30,2023-01-06,2023-02-05,28477,12.0,52.5,1347612.0
P-748,1792.47,2,7.0,10,2023-12-21,2024-01-20,26887,4.0,17.5,553572.0
P-749,2088.59,7,24.5,35,2023-08-27,2023-09-26,31328,14.0,61.25,1560843.0
P-750,2910.59,5,17.5,25,2023-12-18,2024-01-17,43658,10.0,43.75,1242573.0
